url,page_type,status,canonical,in_sitemap,word_count_main_content,title,meta_description,h1_count,internal_inlinks,unique_images,schema_types,near_duplicate_candidate,content_source,last_modified,flags
https://www.poshaktaranom.ir,home,200,https://www.poshaktaranom.ir,yes,0,خرید آنلاین مانتو زنانه | پوشاک ترنم,,1,47,,OnlineStore|WebSite|FAQPage,unknown_without_gsc_pair,live_html,,WORDCOUNT_UNRELIABLE_RSC|TECHNICALLY_CLEAN
https://www.poshaktaranom.ir/products,products,200,https://www.poshaktaranom.ir/products,yes,0,مانتو و شومیز زنانه | فروشگاه ترنم,,1,99,,OnlineStore|WebSite,unknown_without_gsc_pair,live_html,,WORDCOUNT_UNRELIABLE_RSC|TECHNICALLY_CLEAN
https://www.poshaktaranom.ir/collections,page,200,https://www.poshaktaranom.ir/collections,yes,0,کلکسیون‌ها | فروشگاه ترنم,,1,46,,OnlineStore|WebSite,unknown_without_gsc_pair,live_html,,WORDCOUNT_UNRELIABLE_RSC|TECHNICALLY_CLEAN
https://www.poshaktaranom.ir/blog,blog_index,200,https://www.poshaktaranom.ir/blog,yes,0,وبلاگ فروشگاه ترنم | فروشگاه ترنم,,1,25,,OnlineStore|WebSite,unknown_without_gsc_pair,live_html,,WORDCOUNT_UNRELIABLE_RSC|TECHNICALLY_CLEAN
https://www.poshaktaranom.ir/about,page,200,https://www.poshaktaranom.ir/about,yes,0,درباره فروشگاه ترنم | فروشگاه ترنم,,0,46,,OnlineStore|WebSite,unknown_without_gsc_pair,live_html,,WORDCOUNT_UNRELIABLE_RSC|MISSING_OR_MULTI_H1|TECHNICALLY_CLEAN
https://www.poshaktaranom.ir/contact,page,200,https://www.poshaktaranom.ir/contact,yes,0,تماس با فروشگاه | فروشگاه ترنم,,0,46,,OnlineStore|WebSite,unknown_without_gsc_pair,live_html,,WORDCOUNT_UNRELIABLE_RSC|MISSING_OR_MULTI_H1|TECHNICALLY_CLEAN
https://www.poshaktaranom.ir/shipping,page,200,https://www.poshaktaranom.ir/shipping,yes,0,ارسال سفارش | فروشگاه ترنم,,0,23,,OnlineStore|WebSite,unknown_without_gsc_pair,live_html,,WORDCOUNT_UNRELIABLE_RSC|MISSING_OR_MULTI_H1|TECHNICALLY_CLEAN
https://www.poshaktaranom.ir/returns,page,200,https://www.poshaktaranom.ir/returns,yes,30,مرجوعی و تعویض سایز | فروشگاه ترنم,,1,23,,OnlineStore|WebSite,unknown_without_gsc_pair,live_html,,WORDCOUNT_UNRELIABLE_RSC|TECHNICALLY_CLEAN
https://www.poshaktaranom.ir/products/linen-sport-jacket-erika,pdp,200,https://www.poshaktaranom.ir/products/linen-sport-jacket-erika,yes,0,کت اسپرت لینن زنانه مدل اریکا | پوشاک ترنم,,1,20,,OnlineStore|WebSite|Product|ProductGroup|BreadcrumbList,unknown_without_gsc_pair,live_html,,WORDCOUNT_UNRELIABLE_RSC|TECHNICALLY_CLEAN
https://www.poshaktaranom.ir/products/bezayagh-jacket-rose,pdp,200,https://www.poshaktaranom.ir/products/bezayagh-jacket-rose,yes,0,کت بزایاق زنانه مدل رز (قد ۸۰) | پوشاک ترنم,,1,20,,OnlineStore|WebSite|Product|ProductGroup|BreadcrumbList,unknown_without_gsc_pair,live_html,,WORDCOUNT_UNRELIABLE_RSC|TECHNICALLY_CLEAN
https://www.poshaktaranom.ir/products/cotton-vest-pants-set-nazi,pdp,200,https://www.poshaktaranom.ir/products/cotton-vest-pants-set-nazi,yes,0,ست وست و شلوار کتان زنانه مدل نازی | پوشاک ترنم,,1,20,,OnlineStore|WebSite|Product|ProductGroup|BreadcrumbList,unknown_without_gsc_pair,live_html,,WORDCOUNT_UNRELIABLE_RSC|TECHNICALLY_CLEAN
https://www.poshaktaranom.ir/products/jacquard-jacket-pardis,pdp,200,https://www.poshaktaranom.ir/products/jacquard-jacket-pardis,yes,0,کت ژاکارد زنانه مدل پردیس | پوشاک ترنم,,1,20,,OnlineStore|WebSite|Product|ProductGroup|BreadcrumbList,unknown_without_gsc_pair,live_html,,WORDCOUNT_UNRELIABLE_RSC|TECHNICALLY_CLEAN
https://www.poshaktaranom.ir/products/woolen-teddy-manteau-rasta,pdp,200,https://www.poshaktaranom.ir/products/woolen-teddy-manteau-rasta,yes,0,مانتو پشمی و تدی زنانه مدل رستا | پوشاک ترنم,,1,20,,OnlineStore|WebSite|Product|ProductGroup|BreadcrumbList,unknown_without_gsc_pair,live_html,,WORDCOUNT_UNRELIABLE_RSC|TECHNICALLY_CLEAN
https://www.poshaktaranom.ir/products/woolen-kaftan-noora,pdp,200,https://www.poshaktaranom.ir/products/woolen-kaftan-noora,yes,0,کفتان پشمی زنانه مدل نورا (قد ۱۲۰) | پوشاک ترنم,,1,20,,OnlineStore|WebSite|Product|ProductGroup|BreadcrumbList,unknown_without_gsc_pair,live_html,,WORDCOUNT_UNRELIABLE_RSC|TECHNICALLY_CLEAN
https://www.poshaktaranom.ir/products/kapshan-bamber-65,pdp,200,https://www.poshaktaranom.ir/products/kapshan-bamber-65,yes,0,کاپشن بامبری زنانه فری‌سایز ضدآب زمستانی | پوشاک ترنم,,1,20,,OnlineStore|WebSite|Product|ProductGroup|BreadcrumbList,unknown_without_gsc_pair,live_html,,WORDCOUNT_UNRELIABLE_RSC|TECHNICALLY_CLEAN
https://www.poshaktaranom.ir/products/linen-shirt-manteau-golrokh,pdp,200,https://www.poshaktaranom.ir/products/linen-shirt-manteau-golrokh,yes,0,مانتو شومیزی لینن زنانه فری‌سایز تابستانی گلرخ | پوشاک ترنم,,1,24,,OnlineStore|WebSite|Product|ProductGroup|BreadcrumbList,unknown_without_gsc_pair,live_html,,WORDCOUNT_UNRELIABLE_RSC|TECHNICALLY_CLEAN
https://www.poshaktaranom.ir/products/linen-embroidered-manteau-nastaran,pdp,200,https://www.poshaktaranom.ir/products/linen-embroidered-manteau-nastaran,yes,0,مانتو شومیزی لینن خامه‌دوزی نسترن | پوشاک ترنم,,1,24,,OnlineStore|WebSite|Product|ProductGroup|BreadcrumbList,unknown_without_gsc_pair,live_html,,WORDCOUNT_UNRELIABLE_RSC|TECHNICALLY_CLEAN
https://www.poshaktaranom.ir/products/linen-pants-arsa,pdp,200,https://www.poshaktaranom.ir/products/linen-pants-arsa,yes,0,شلوار لینن زنانه مدل آرسا | پوشاک ترنم,,1,20,,OnlineStore|WebSite|Product|ProductGroup|BreadcrumbList,unknown_without_gsc_pair,live_html,,WORDCOUNT_UNRELIABLE_RSC|TECHNICALLY_CLEAN
https://www.poshaktaranom.ir/products/linen-pants-hasty,pdp,200,https://www.poshaktaranom.ir/products/linen-pants-hasty,yes,0,شلوار لینن زنانه مدل هستی | پوشاک ترنم,,1,20,,OnlineStore|WebSite|Product|ProductGroup|BreadcrumbList,unknown_without_gsc_pair,live_html,,WORDCOUNT_UNRELIABLE_RSC|TECHNICALLY_CLEAN
https://www.poshaktaranom.ir/products/cotton-crop-jacket-aramis,pdp,200,https://www.poshaktaranom.ir/products/cotton-crop-jacket-aramis,yes,0,کت کراپ کتان زنانه مدل آرامیس | پوشاک ترنم,,1,20,,OnlineStore|WebSite|Product|ProductGroup|BreadcrumbList,unknown_without_gsc_pair,live_html,,WORDCOUNT_UNRELIABLE_RSC|TECHNICALLY_CLEAN
https://www.poshaktaranom.ir/products/coats00011,pdp,200,https://www.poshaktaranom.ir/products/coats00011,yes,0,کت شنل زنانه مدل پریما | پوشاک ترنم,,1,12,,OnlineStore|WebSite|Product|ProductGroup|BreadcrumbList,unknown_without_gsc_pair,live_html,,WORDCOUNT_UNRELIABLE_RSC|TECHNICALLY_CLEAN
https://www.poshaktaranom.ir/products/cotton-tracksuit-set-tara,pdp,200,https://www.poshaktaranom.ir/products/cotton-tracksuit-set-tara,yes,0,ست سوئیشرت و شلوار دورس زنانه مدل تارا | پوشاک ترنم,,1,12,,OnlineStore|WebSite|Product|ProductGroup|BreadcrumbList,unknown_without_gsc_pair,live_html,,WORDCOUNT_UNRELIABLE_RSC|TECHNICALLY_CLEAN
https://www.poshaktaranom.ir/products/teddy-hoodie-sweatshirt-good,pdp,200,https://www.poshaktaranom.ir/products/teddy-hoodie-sweatshirt-good,yes,0,سوئیشرت تدی کلاهدار زنانه مدل گود | پوشاک ترنم,,1,12,,OnlineStore|WebSite|Product|ProductGroup|BreadcrumbList,unknown_without_gsc_pair,live_html,,WORDCOUNT_UNRELIABLE_RSC|TECHNICALLY_CLEAN
https://www.poshaktaranom.ir/products/patterned-french-terry-shirt,pdp,200,https://www.poshaktaranom.ir/products/patterned-french-terry-shirt,yes,0,شکت فوتر طرحدار زنانه (قد ۸۰) | پوشاک ترنم,,1,12,,OnlineStore|WebSite|Product|ProductGroup|BreadcrumbList,unknown_without_gsc_pair,live_html,,WORDCOUNT_UNRELIABLE_RSC|TECHNICALLY_CLEAN
https://www.poshaktaranom.ir/products/woolen-coat-maral,pdp,200,https://www.poshaktaranom.ir/products/woolen-coat-maral,yes,0,پالتو پشمی زنانه مدل مارال (قد ۱۰۰) | پوشاک ترنم,,1,12,,OnlineStore|WebSite|Product|ProductGroup|BreadcrumbList,unknown_without_gsc_pair,live_html,,WORDCOUNT_UNRELIABLE_RSC|TECHNICALLY_CLEAN
https://www.poshaktaranom.ir/products/footer-coat-arka,pdp,200,https://www.poshaktaranom.ir/products/footer-coat-arka,yes,0,کت فوتر زنانه مدل آرکا | پوشاک ترنم,,1,12,,OnlineStore|WebSite|Product|ProductGroup|BreadcrumbList,unknown_without_gsc_pair,live_html,,WORDCOUNT_UNRELIABLE_RSC|TECHNICALLY_CLEAN
https://www.poshaktaranom.ir/products/chenille-coat-negin,pdp,200,https://www.poshaktaranom.ir/products/chenille-coat-negin,yes,0,کت شنل زنانه مدل نگین | پوشاک ترنم,,1,12,,OnlineStore|WebSite|Product|ProductGroup|BreadcrumbList,unknown_without_gsc_pair,live_html,,WORDCOUNT_UNRELIABLE_RSC|TECHNICALLY_CLEAN
https://www.poshaktaranom.ir/products/lyocell-jacket-jacqueline,pdp,200,https://www.poshaktaranom.ir/products/lyocell-jacket-jacqueline,yes,0,کت لایوسل زنانه مدل ژاکلین | پوشاک ترنم,,1,12,,OnlineStore|WebSite|Product|ProductGroup|BreadcrumbList,unknown_without_gsc_pair,live_html,,WORDCOUNT_UNRELIABLE_RSC|TECHNICALLY_CLEAN
https://www.poshaktaranom.ir/products/memory-lined-raincoat-110,pdp,200,https://www.poshaktaranom.ir/products/memory-lined-raincoat-110,yes,0,بارونی مموری آستردار زنانه (قد ۱۱۰) | پوشاک ترنم,,1,12,,OnlineStore|WebSite|Product|ProductGroup|BreadcrumbList,unknown_without_gsc_pair,live_html,,WORDCOUNT_UNRELIABLE_RSC|TECHNICALLY_CLEAN
https://www.poshaktaranom.ir/products/woolen-overcoat-athena,pdp,200,https://www.poshaktaranom.ir/products/woolen-overcoat-athena,yes,0,اورکت پشمی زنانه مدل آتنا | پوشاک ترنم,,1,12,,OnlineStore|WebSite|Product|ProductGroup|BreadcrumbList,unknown_without_gsc_pair,live_html,,WORDCOUNT_UNRELIABLE_RSC|TECHNICALLY_CLEAN
https://www.poshaktaranom.ir/products/chenille-coat-mahour,pdp,200,https://www.poshaktaranom.ir/products/chenille-coat-mahour,yes,0,کت شنل زنانه مدل ماهور | پوشاک ترنم,,1,12,,OnlineStore|WebSite|Product|ProductGroup|BreadcrumbList,unknown_without_gsc_pair,live_html,,WORDCOUNT_UNRELIABLE_RSC|TECHNICALLY_CLEAN
https://www.poshaktaranom.ir/products/tetoron-basic-shirt-sahar,pdp,200,https://www.poshaktaranom.ir/products/tetoron-basic-shirt-sahar,yes,0,پیراهن بیسیک تترون زنانه مدل سحر | پوشاک ترنم,,1,16,,OnlineStore|WebSite|Product|ProductGroup|BreadcrumbList,unknown_without_gsc_pair,live_html,,WORDCOUNT_UNRELIABLE_RSC|TECHNICALLY_CLEAN
https://www.poshaktaranom.ir/products/wool-coat-katayoun,pdp,200,https://www.poshaktaranom.ir/products/wool-coat-katayoun,yes,0,کت پشمی آسترکشی زنانه مدل کتایون | پوشاک ترنم,,1,3,,OnlineStore|WebSite|Product|ProductGroup|BreadcrumbList,unknown_without_gsc_pair,live_html,,WORDCOUNT_UNRELIABLE_RSC|TECHNICALLY_CLEAN
https://www.poshaktaranom.ir/products/footer-coat-dalia,pdp,200,https://www.poshaktaranom.ir/products/footer-coat-dalia,yes,0,کت فوتر زنانه مدل دالیا | پوشاک ترنم,,1,3,,OnlineStore|WebSite|Product|ProductGroup|BreadcrumbList,unknown_without_gsc_pair,live_html,,WORDCOUNT_UNRELIABLE_RSC|TECHNICALLY_CLEAN
https://www.poshaktaranom.ir/products/waterproof-memory-raincoat-110,pdp,200,https://www.poshaktaranom.ir/products/waterproof-memory-raincoat-110,yes,0,بارونی مموری آستردار زنانه (قد ۱۱۰) | پوشاک ترنم,,1,3,,OnlineStore|WebSite|Product|ProductGroup|BreadcrumbList,unknown_without_gsc_pair,live_html,,WORDCOUNT_UNRELIABLE_RSC|TECHNICALLY_CLEAN
https://www.poshaktaranom.ir/products/maserati-pants-mahin,pdp,200,https://www.poshaktaranom.ir/products/maserati-pants-mahin,yes,0,شلوار مازراتی زنانه مدل ماهین | پوشاک ترنم,,1,3,,OnlineStore|WebSite|Product|ProductGroup|BreadcrumbList,unknown_without_gsc_pair,live_html,,WORDCOUNT_UNRELIABLE_RSC|TECHNICALLY_CLEAN
https://www.poshaktaranom.ir/products/crushed-footer-coat-tiara,pdp,200,https://www.poshaktaranom.ir/products/crushed-footer-coat-tiara,yes,0,کت فوتر کوبیده زنانه مدل تیارا | پوشاک ترنم,,1,3,,OnlineStore|WebSite|Product|ProductGroup|BreadcrumbList,unknown_without_gsc_pair,live_html,,WORDCOUNT_UNRELIABLE_RSC|TECHNICALLY_CLEAN
https://www.poshaktaranom.ir/products/lined-memory-raincoat-80,pdp,200,https://www.poshaktaranom.ir/products/lined-memory-raincoat-80,yes,0,بارونی مموری آستردار زنانه (قد ۸۰) رنگ ترکیبی | پوشاک ترنم,,1,3,,OnlineStore|WebSite|Product|ProductGroup|BreadcrumbList,unknown_without_gsc_pair,live_html,,WORDCOUNT_UNRELIABLE_RSC|TECHNICALLY_CLEAN
https://www.poshaktaranom.ir/products/solid-memory-raincoat-80,pdp,200,https://www.poshaktaranom.ir/products/solid-memory-raincoat-80,yes,0,بارونی مموری آستردار زنانه (قد ۸۰) | پوشاک ترنم,,1,3,,OnlineStore|WebSite|Product|ProductGroup|BreadcrumbList,unknown_without_gsc_pair,live_html,,WORDCOUNT_UNRELIABLE_RSC|TECHNICALLY_CLEAN
https://www.poshaktaranom.ir/products/coats00007,pdp,200,https://www.poshaktaranom.ir/products/coats00007,yes,0,کت داخل خز کتان مدل بهرخ,,1,4,,OnlineStore|WebSite|Product|BreadcrumbList,unknown_without_gsc_pair,live_html,,WORDCOUNT_UNRELIABLE_RSC|TECHNICALLY_CLEAN
https://www.poshaktaranom.ir/products/lyocell-baggy-pants-jacqueline,pdp,200,https://www.poshaktaranom.ir/products/lyocell-baggy-pants-jacqueline,yes,0,شلوار بگ لایوسل زنانه مدل ژاکلین | پوشاک ترنم,,1,3,,OnlineStore|WebSite|Product|ProductGroup|BreadcrumbList,unknown_without_gsc_pair,live_html,,WORDCOUNT_UNRELIABLE_RSC|TECHNICALLY_CLEAN
https://www.poshaktaranom.ir/products/cotton-overcoat-laleh,pdp,200,https://www.poshaktaranom.ir/products/cotton-overcoat-laleh,yes,0,اورکت کتان زنانه مدل لاله | پوشاک ترنم,,1,3,,OnlineStore|WebSite|Product|ProductGroup|BreadcrumbList,unknown_without_gsc_pair,live_html,,WORDCOUNT_UNRELIABLE_RSC|TECHNICALLY_CLEAN
https://www.poshaktaranom.ir/products/cotton-twill-jacket-kian,pdp,200,https://www.poshaktaranom.ir/products/cotton-twill-jacket-kian,yes,0,کت کتان کجراه زنانه مدل کیان | پوشاک ترنم,,1,3,,OnlineStore|WebSite|Product|ProductGroup|BreadcrumbList,unknown_without_gsc_pair,live_html,,WORDCOUNT_UNRELIABLE_RSC|TECHNICALLY_CLEAN
https://www.poshaktaranom.ir/products/cotton-twill-jacket-alice,pdp,200,https://www.poshaktaranom.ir/products/cotton-twill-jacket-alice,yes,0,کت کتان کجراه زنانه مدل آلیس | پوشاک ترنم,,1,3,,OnlineStore|WebSite|Product|ProductGroup|BreadcrumbList,unknown_without_gsc_pair,live_html,,WORDCOUNT_UNRELIABLE_RSC|TECHNICALLY_CLEAN
https://www.poshaktaranom.ir/products/cotton-twill-manteau-mahan,pdp,200,https://www.poshaktaranom.ir/products/cotton-twill-manteau-mahan,yes,0,مانتو کتی کتان زنانه مدل ماهان | پوشاک ترنم,,1,3,,OnlineStore|WebSite|Product|ProductGroup|BreadcrumbList,unknown_without_gsc_pair,live_html,,WORDCOUNT_UNRELIABLE_RSC|TECHNICALLY_CLEAN
https://www.poshaktaranom.ir/products/cotton-twill-bomber-jacket-ghazal,pdp,200,https://www.poshaktaranom.ir/products/cotton-twill-bomber-jacket-ghazal,yes,0,کت بامبری کتان زنانه مدل غزل | پوشاک ترنم,,1,3,,OnlineStore|WebSite|Product|ProductGroup|BreadcrumbList,unknown_without_gsc_pair,live_html,,WORDCOUNT_UNRELIABLE_RSC|TECHNICALLY_CLEAN
https://www.poshaktaranom.ir/products/cotton-twill-sport-jacket-dorsa,pdp,200,https://www.poshaktaranom.ir/products/cotton-twill-sport-jacket-dorsa,yes,0,کت اسپرت کتان زنانه مدل درسا | پوشاک ترنم,,1,3,,OnlineStore|WebSite|Product|ProductGroup|BreadcrumbList,unknown_without_gsc_pair,live_html,,WORDCOUNT_UNRELIABLE_RSC|TECHNICALLY_CLEAN
https://www.poshaktaranom.ir/products/cotton-twill-skirt-suit-tanin,pdp,200,https://www.poshaktaranom.ir/products/cotton-twill-skirt-suit-tanin,yes,0,ست کت و دامن کتان زنانه مدل طنین | پوشاک ترنم,,1,3,,OnlineStore|WebSite|Product|ProductGroup|BreadcrumbList,unknown_without_gsc_pair,live_html,,WORDCOUNT_UNRELIABLE_RSC|TECHNICALLY_CLEAN
https://www.poshaktaranom.ir/products/mom-style-cotton-pants,pdp,200,https://www.poshaktaranom.ir/products/mom-style-cotton-pants,yes,0,شلوار کتان مام استایل زنانه کجراه | پوشاک ترنم,,1,3,,OnlineStore|WebSite|Product|ProductGroup|BreadcrumbList,unknown_without_gsc_pair,live_html,,WORDCOUNT_UNRELIABLE_RSC|TECHNICALLY_CLEAN
https://www.poshaktaranom.ir/products/linen-shirt-manteau-sarinaz,pdp,200,https://www.poshaktaranom.ir/products/linen-shirt-manteau-sarinaz,yes,0,مانتو شومیزی لینن زنانه مدل ساریناز | پوشاک ترنم,,1,7,,OnlineStore|WebSite|Product|ProductGroup|BreadcrumbList,unknown_without_gsc_pair,live_html,,WORDCOUNT_UNRELIABLE_RSC|TECHNICALLY_CLEAN
https://www.poshaktaranom.ir/products/linen-shirt-manteau-minoo,pdp,200,https://www.poshaktaranom.ir/products/linen-shirt-manteau-minoo,yes,0,مانتو شومیزی لینن زنانه مدل مینو | پوشاک ترنم,,1,7,,OnlineStore|WebSite|Product|ProductGroup|BreadcrumbList,unknown_without_gsc_pair,live_html,,WORDCOUNT_UNRELIABLE_RSC|TECHNICALLY_CLEAN
https://www.poshaktaranom.ir/products/linen-pants-neda,pdp,200,https://www.poshaktaranom.ir/products/linen-pants-neda,yes,0,شلوار لینن زنانه مدل ندا | پوشاک ترنم,,1,3,,OnlineStore|WebSite|Product|ProductGroup|BreadcrumbList,unknown_without_gsc_pair,live_html,,WORDCOUNT_UNRELIABLE_RSC|TECHNICALLY_CLEAN
https://www.poshaktaranom.ir/products/linen-shirt-manteau-barana,pdp,200,https://www.poshaktaranom.ir/products/linen-shirt-manteau-barana,yes,0,مانتو شومیزی لینن زنانه مدل بارانا | پوشاک ترنم,,1,7,,OnlineStore|WebSite|Product|ProductGroup|BreadcrumbList,unknown_without_gsc_pair,live_html,,WORDCOUNT_UNRELIABLE_RSC|TECHNICALLY_CLEAN
https://www.poshaktaranom.ir/products/linen-shirt-manteau-niki,pdp,200,https://www.poshaktaranom.ir/products/linen-shirt-manteau-niki,yes,0,مانتو شومیزی لینن زنانه مدل نیکی | پوشاک ترنم,,1,7,,OnlineStore|WebSite|Product|ProductGroup|BreadcrumbList,unknown_without_gsc_pair,live_html,,WORDCOUNT_UNRELIABLE_RSC|TECHNICALLY_CLEAN
https://www.poshaktaranom.ir/products/blouses00009,pdp,200,https://www.poshaktaranom.ir/products/blouses00009,yes,0,مانتو شومیزی لینن زنانه مدل دلین | پوشاک ترنم,,1,7,,OnlineStore|WebSite|Product|ProductGroup|BreadcrumbList,unknown_without_gsc_pair,live_html,,WORDCOUNT_UNRELIABLE_RSC|TECHNICALLY_CLEAN
https://www.poshaktaranom.ir/products/linen-vest-skirt-set-baran,pdp,200,https://www.poshaktaranom.ir/products/linen-vest-skirt-set-baran,yes,0,ست وست و دامن لینن زنانه مدل باران | پوشاک ترنم,,1,3,,OnlineStore|WebSite|Product|ProductGroup|BreadcrumbList,unknown_without_gsc_pair,live_html,,WORDCOUNT_UNRELIABLE_RSC|TECHNICALLY_CLEAN
https://www.poshaktaranom.ir/products/linen-shirt-manteau-yaghoot,pdp,200,https://www.poshaktaranom.ir/products/linen-shirt-manteau-yaghoot,yes,0,مانتو شومیزی لینن زنانه مدل یاقوت | پوشاک ترنم,,1,5,,OnlineStore|WebSite|Product|ProductGroup|BreadcrumbList,unknown_without_gsc_pair,live_html,,WORDCOUNT_UNRELIABLE_RSC|TECHNICALLY_CLEAN
https://www.poshaktaranom.ir/products/linen-heart-shirt-manteau-behgol,pdp,200,https://www.poshaktaranom.ir/products/linen-heart-shirt-manteau-behgol,yes,0,مانتو شومیزی لینن زنانه مدل بهگل طرح قلب | پوشاک ترنم,,1,5,,OnlineStore|WebSite|Product|ProductGroup|BreadcrumbList,unknown_without_gsc_pair,live_html,,WORDCOUNT_UNRELIABLE_RSC|TECHNICALLY_CLEAN
https://www.poshaktaranom.ir/products/linen-bow-tie-shirt-manteau-behgol,pdp,200,https://www.poshaktaranom.ir/products/linen-bow-tie-shirt-manteau-behgol,yes,0,مانتو شومیزی لینن زنانه مدل بهگل طرح پاپیون | پوشاک ترنم,,1,5,,OnlineStore|WebSite|Product|ProductGroup|BreadcrumbList,unknown_without_gsc_pair,live_html,,WORDCOUNT_UNRELIABLE_RSC|TECHNICALLY_CLEAN
https://www.poshaktaranom.ir/products/linen-butterfly-shirt-manteau-behgol,pdp,200,https://www.poshaktaranom.ir/products/linen-butterfly-shirt-manteau-behgol,yes,0,مانتو شومیزی لینن زنانه مدل بهگل طرح پروانه | پوشاک ترنم,,1,5,,OnlineStore|WebSite|Product|ProductGroup|BreadcrumbList,unknown_without_gsc_pair,live_html,,WORDCOUNT_UNRELIABLE_RSC|TECHNICALLY_CLEAN
https://www.poshaktaranom.ir/products/linen-shirt-manteau-tina,pdp,200,https://www.poshaktaranom.ir/products/linen-shirt-manteau-tina,yes,0,مانتو شومیزی لینن زنانه مدل تینا | پوشاک ترنم,,1,4,,OnlineStore|WebSite|Product|ProductGroup|BreadcrumbList,unknown_without_gsc_pair,live_html,,WORDCOUNT_UNRELIABLE_RSC|TECHNICALLY_CLEAN
https://www.poshaktaranom.ir/products/linen-shirt-manteau-zhinoos,pdp,200,https://www.poshaktaranom.ir/products/linen-shirt-manteau-zhinoos,yes,0,مانتو شومیزی لینن زنانه مدل ژینوس | پوشاک ترنم,,1,4,,OnlineStore|WebSite|Product|ProductGroup|BreadcrumbList,unknown_without_gsc_pair,live_html,,WORDCOUNT_UNRELIABLE_RSC|TECHNICALLY_CLEAN
https://www.poshaktaranom.ir/products/linen-kaftan-afagh,pdp,200,https://www.poshaktaranom.ir/products/linen-kaftan-afagh,yes,0,کفتان لینن زنانه مدل آفاق (قد ۱۳۰) | پوشاک ترنم,,1,1,,OnlineStore|WebSite|Product|ProductGroup|BreadcrumbList,unknown_without_gsc_pair,live_html,,WORDCOUNT_UNRELIABLE_RSC|TECHNICALLY_CLEAN
https://www.poshaktaranom.ir/products/linen-shirt-manteau-abnous,pdp,200,https://www.poshaktaranom.ir/products/linen-shirt-manteau-abnous,yes,0,مانتو شومیزی لینن زنانه مدل آبنوس | پوشاک ترنم,,1,4,,OnlineStore|WebSite|Product|ProductGroup|BreadcrumbList,unknown_without_gsc_pair,live_html,,WORDCOUNT_UNRELIABLE_RSC|TECHNICALLY_CLEAN
https://www.poshaktaranom.ir/products/linen-shirt-manteau-nazgol,pdp,200,https://www.poshaktaranom.ir/products/linen-shirt-manteau-nazgol,yes,0,مانتو شومیزی لینن زنانه مدل نازگل | پوشاک ترنم,,1,4,,OnlineStore|WebSite|Product|ProductGroup|BreadcrumbList,unknown_without_gsc_pair,live_html,,WORDCOUNT_UNRELIABLE_RSC|TECHNICALLY_CLEAN
https://www.poshaktaranom.ir/category/winter-wear,category,200,https://www.poshaktaranom.ir/category/winter-wear,yes,0,خرید کاپشن و لباس زمستانی زنانه | ترنم | فروشگاه ترنم,,1,1,,OnlineStore|WebSite|CollectionPage|BreadcrumbList,unknown_without_gsc_pair,live_html,,WORDCOUNT_UNRELIABLE_RSC|TECHNICALLY_CLEAN
https://www.poshaktaranom.ir/category/vest-pants-set,category,200,https://www.poshaktaranom.ir/category/vest-pants-set,yes,0,خرید وست و شلوار زنانه | ست‌های مدرن ترنم | فروشگاه ترنم,,1,1,,OnlineStore|WebSite|CollectionPage|BreadcrumbList,unknown_without_gsc_pair,live_html,,WORDCOUNT_UNRELIABLE_RSC|TECHNICALLY_CLEAN
https://www.poshaktaranom.ir/category/vest-skirt-set,category,200,https://www.poshaktaranom.ir/category/vest-skirt-set,yes,0,خرید وست و دامن زنانه | ست اسپرت ترنم | فروشگاه ترنم,,1,1,,OnlineStore|WebSite|CollectionPage|BreadcrumbList,unknown_without_gsc_pair,live_html,,WORDCOUNT_UNRELIABLE_RSC|TECHNICALLY_CLEAN
https://www.poshaktaranom.ir/category/coat-skirt-set,category,200,https://www.poshaktaranom.ir/category/coat-skirt-set,yes,0,خرید کت و دامن زنانه | ست‌های جدید ترنم | فروشگاه ترنم,,1,1,,OnlineStore|WebSite|CollectionPage|BreadcrumbList,unknown_without_gsc_pair,live_html,,WORDCOUNT_UNRELIABLE_RSC|TECHNICALLY_CLEAN
https://www.poshaktaranom.ir/category/coat-pants-set,category,200,https://www.poshaktaranom.ir/category/coat-pants-set,yes,0,خرید کت و شلوار زنانه اسپرت | ست‌های جدید ترنم | فروشگاه ترنم,,1,1,,OnlineStore|WebSite|CollectionPage|BreadcrumbList,unknown_without_gsc_pair,live_html,,WORDCOUNT_UNRELIABLE_RSC|TECHNICALLY_CLEAN
https://www.poshaktaranom.ir/category/women-skirts,category,200,https://www.poshaktaranom.ir/category/women-skirts,yes,0,خرید دامن زنانه جدید | مدل‌های اسپرت ترنم | فروشگاه ترنم,,1,1,,OnlineStore|WebSite|CollectionPage|BreadcrumbList,unknown_without_gsc_pair,live_html,,WORDCOUNT_UNRELIABLE_RSC|TECHNICALLY_CLEAN
https://www.poshaktaranom.ir/category/women-pants,category,200,https://www.poshaktaranom.ir/category/women-pants,yes,0,خرید شلوار زنانه | مدل‌های لینن، کتان و راحت ترنم | فروشگاه ترنم,,1,1,,OnlineStore|WebSite|CollectionPage|BreadcrumbList,unknown_without_gsc_pair,live_html,,WORDCOUNT_UNRELIABLE_RSC|TECHNICALLY_CLEAN
https://www.poshaktaranom.ir/category/kaftan,category,200,https://www.poshaktaranom.ir/category/kaftan,yes,0,خرید کفتان زنانه | مدل‌های راحت و اسپرت ترنم | فروشگاه ترنم,,1,1,,OnlineStore|WebSite|CollectionPage|BreadcrumbList,unknown_without_gsc_pair,live_html,,WORDCOUNT_UNRELIABLE_RSC|TECHNICALLY_CLEAN
https://www.poshaktaranom.ir/category/women-coats,category,200,https://www.poshaktaranom.ir/category/women-coats,yes,0,خرید کت زنانه اسپرت | مدل‌های لینن، کتان و مجلسی ترنم | فروشگاه ترنم,,1,1,,OnlineStore|WebSite|CollectionPage|BreadcrumbList,unknown_without_gsc_pair,live_html,,WORDCOUNT_UNRELIABLE_RSC|TECHNICALLY_CLEAN
https://www.poshaktaranom.ir/category/shomiz,category,200,https://www.poshaktaranom.ir/category/shomiz,yes,0,خرید شومیز زنانه جدید | مدل‌های لینن و کتان ترنم | فروشگاه ترنم,,1,0,,OnlineStore|WebSite|CollectionPage|BreadcrumbList,unknown_without_gsc_pair,live_html,,WORDCOUNT_UNRELIABLE_RSC|LOW_INTERNAL_LINKS|TECHNICALLY_CLEAN
https://www.poshaktaranom.ir/blog/trendy-womens-shirt-1405,blog,200,https://www.poshaktaranom.ir/blog/trendy-womens-shirt-1405,yes,0,شومیز زنانه ترند ۱۴۰۵؛ مدل‌های باکسی، آزاد و شیک | فروشگاه ترنم,,1,1,,OnlineStore|WebSite|BlogPosting|BreadcrumbList|FAQPage,unknown_without_gsc_pair,live_html,,WORDCOUNT_UNRELIABLE_RSC|TECHNICALLY_CLEAN
https://www.poshaktaranom.ir/blog/summer-manto-trends-1405,blog,200,https://www.poshaktaranom.ir/blog/summer-manto-trends-1405,yes,0,مدل مانتو تابستانی ۱۴۰۵؛ جدیدترین مدل‌های خنک و ترند | فروشگاه ترنم,,1,1,,OnlineStore|WebSite|BlogPosting|BreadcrumbList|FAQPage,unknown_without_gsc_pair,live_html,,WORDCOUNT_UNRELIABLE_RSC|TECHNICALLY_CLEAN
