url,source,entity_type,entity_id,status_code,final_url,redirect_hops,canonical,robots_meta,x_robots_tag,in_sitemap,internal_links_to_url,index_intent,notes
https://www.poshaktaranom.ir,sitemap,home,,200,https://www.poshaktaranom.ir,0,https://www.poshaktaranom.ir,"index, follow",,yes,47,INDEX,
https://www.poshaktaranom.ir/products,sitemap,products,,200,https://www.poshaktaranom.ir/products,0,https://www.poshaktaranom.ir/products,"index, follow",,yes,99,INDEX,
https://www.poshaktaranom.ir/collections,sitemap,page,,200,https://www.poshaktaranom.ir/collections,0,https://www.poshaktaranom.ir/collections,"index, follow",,yes,46,INDEX,
https://www.poshaktaranom.ir/blog,sitemap,blog_index,,200,https://www.poshaktaranom.ir/blog,0,https://www.poshaktaranom.ir/blog,"index, follow",,yes,25,INDEX,
https://www.poshaktaranom.ir/about,sitemap,page,,200,https://www.poshaktaranom.ir/about,0,https://www.poshaktaranom.ir/about,"index, follow",,yes,46,INDEX,
https://www.poshaktaranom.ir/contact,sitemap,page,,200,https://www.poshaktaranom.ir/contact,0,https://www.poshaktaranom.ir/contact,"index, follow",,yes,46,INDEX,
https://www.poshaktaranom.ir/shipping,sitemap,page,,200,https://www.poshaktaranom.ir/shipping,0,https://www.poshaktaranom.ir/shipping,"index, follow",,yes,23,INDEX,
https://www.poshaktaranom.ir/returns,sitemap,page,,200,https://www.poshaktaranom.ir/returns,0,https://www.poshaktaranom.ir/returns,"index, follow",,yes,23,INDEX,
https://www.poshaktaranom.ir/products/linen-sport-jacket-erika,sitemap,pdp,,200,https://www.poshaktaranom.ir/products/linen-sport-jacket-erika,0,https://www.poshaktaranom.ir/products/linen-sport-jacket-erika,"index, follow",,yes,20,INDEX,
https://www.poshaktaranom.ir/products/bezayagh-jacket-rose,sitemap,pdp,,200,https://www.poshaktaranom.ir/products/bezayagh-jacket-rose,0,https://www.poshaktaranom.ir/products/bezayagh-jacket-rose,"index, follow",,yes,20,INDEX,
https://www.poshaktaranom.ir/products/cotton-vest-pants-set-nazi,sitemap,pdp,,200,https://www.poshaktaranom.ir/products/cotton-vest-pants-set-nazi,0,https://www.poshaktaranom.ir/products/cotton-vest-pants-set-nazi,"index, follow",,yes,20,INDEX,
https://www.poshaktaranom.ir/products/jacquard-jacket-pardis,sitemap,pdp,,200,https://www.poshaktaranom.ir/products/jacquard-jacket-pardis,0,https://www.poshaktaranom.ir/products/jacquard-jacket-pardis,"index, follow",,yes,20,INDEX,
https://www.poshaktaranom.ir/products/woolen-teddy-manteau-rasta,sitemap,pdp,,200,https://www.poshaktaranom.ir/products/woolen-teddy-manteau-rasta,0,https://www.poshaktaranom.ir/products/woolen-teddy-manteau-rasta,"index, follow",,yes,20,INDEX,
https://www.poshaktaranom.ir/products/woolen-kaftan-noora,sitemap,pdp,,200,https://www.poshaktaranom.ir/products/woolen-kaftan-noora,0,https://www.poshaktaranom.ir/products/woolen-kaftan-noora,"index, follow",,yes,20,INDEX,
https://www.poshaktaranom.ir/products/kapshan-bamber-65,sitemap,pdp,,200,https://www.poshaktaranom.ir/products/kapshan-bamber-65,0,https://www.poshaktaranom.ir/products/kapshan-bamber-65,"index, follow",,yes,20,INDEX,
https://www.poshaktaranom.ir/products/linen-shirt-manteau-golrokh,sitemap,pdp,,200,https://www.poshaktaranom.ir/products/linen-shirt-manteau-golrokh,0,https://www.poshaktaranom.ir/products/linen-shirt-manteau-golrokh,"index, follow",,yes,24,INDEX,
https://www.poshaktaranom.ir/products/linen-embroidered-manteau-nastaran,sitemap,pdp,,200,https://www.poshaktaranom.ir/products/linen-embroidered-manteau-nastaran,0,https://www.poshaktaranom.ir/products/linen-embroidered-manteau-nastaran,"index, follow",,yes,24,INDEX,
https://www.poshaktaranom.ir/products/linen-pants-arsa,sitemap,pdp,,200,https://www.poshaktaranom.ir/products/linen-pants-arsa,0,https://www.poshaktaranom.ir/products/linen-pants-arsa,"index, follow",,yes,20,INDEX,
https://www.poshaktaranom.ir/products/linen-pants-hasty,sitemap,pdp,,200,https://www.poshaktaranom.ir/products/linen-pants-hasty,0,https://www.poshaktaranom.ir/products/linen-pants-hasty,"index, follow",,yes,20,INDEX,
https://www.poshaktaranom.ir/products/cotton-crop-jacket-aramis,sitemap,pdp,,200,https://www.poshaktaranom.ir/products/cotton-crop-jacket-aramis,0,https://www.poshaktaranom.ir/products/cotton-crop-jacket-aramis,"index, follow",,yes,20,INDEX,
https://www.poshaktaranom.ir/products/coats00011,sitemap,pdp,,200,https://www.poshaktaranom.ir/products/coats00011,0,https://www.poshaktaranom.ir/products/coats00011,"index, follow",,yes,12,INDEX,
https://www.poshaktaranom.ir/products/cotton-tracksuit-set-tara,sitemap,pdp,,200,https://www.poshaktaranom.ir/products/cotton-tracksuit-set-tara,0,https://www.poshaktaranom.ir/products/cotton-tracksuit-set-tara,"index, follow",,yes,12,INDEX,
https://www.poshaktaranom.ir/products/teddy-hoodie-sweatshirt-good,sitemap,pdp,,200,https://www.poshaktaranom.ir/products/teddy-hoodie-sweatshirt-good,0,https://www.poshaktaranom.ir/products/teddy-hoodie-sweatshirt-good,"index, follow",,yes,12,INDEX,
https://www.poshaktaranom.ir/products/patterned-french-terry-shirt,sitemap,pdp,,200,https://www.poshaktaranom.ir/products/patterned-french-terry-shirt,0,https://www.poshaktaranom.ir/products/patterned-french-terry-shirt,"index, follow",,yes,12,INDEX,
https://www.poshaktaranom.ir/products/woolen-coat-maral,sitemap,pdp,,200,https://www.poshaktaranom.ir/products/woolen-coat-maral,0,https://www.poshaktaranom.ir/products/woolen-coat-maral,"index, follow",,yes,12,INDEX,
https://www.poshaktaranom.ir/products/footer-coat-arka,sitemap,pdp,,200,https://www.poshaktaranom.ir/products/footer-coat-arka,0,https://www.poshaktaranom.ir/products/footer-coat-arka,"index, follow",,yes,12,INDEX,
https://www.poshaktaranom.ir/products/chenille-coat-negin,sitemap,pdp,,200,https://www.poshaktaranom.ir/products/chenille-coat-negin,0,https://www.poshaktaranom.ir/products/chenille-coat-negin,"index, follow",,yes,12,INDEX,
https://www.poshaktaranom.ir/products/lyocell-jacket-jacqueline,sitemap,pdp,,200,https://www.poshaktaranom.ir/products/lyocell-jacket-jacqueline,0,https://www.poshaktaranom.ir/products/lyocell-jacket-jacqueline,"index, follow",,yes,12,INDEX,
https://www.poshaktaranom.ir/products/memory-lined-raincoat-110,sitemap,pdp,,200,https://www.poshaktaranom.ir/products/memory-lined-raincoat-110,0,https://www.poshaktaranom.ir/products/memory-lined-raincoat-110,"index, follow",,yes,12,INDEX,
https://www.poshaktaranom.ir/products/woolen-overcoat-athena,sitemap,pdp,,200,https://www.poshaktaranom.ir/products/woolen-overcoat-athena,0,https://www.poshaktaranom.ir/products/woolen-overcoat-athena,"index, follow",,yes,12,INDEX,
https://www.poshaktaranom.ir/products/chenille-coat-mahour,sitemap,pdp,,200,https://www.poshaktaranom.ir/products/chenille-coat-mahour,0,https://www.poshaktaranom.ir/products/chenille-coat-mahour,"index, follow",,yes,12,INDEX,
https://www.poshaktaranom.ir/products/tetoron-basic-shirt-sahar,sitemap,pdp,,200,https://www.poshaktaranom.ir/products/tetoron-basic-shirt-sahar,0,https://www.poshaktaranom.ir/products/tetoron-basic-shirt-sahar,"index, follow",,yes,16,INDEX,
https://www.poshaktaranom.ir/products/wool-coat-katayoun,sitemap,pdp,,200,https://www.poshaktaranom.ir/products/wool-coat-katayoun,0,https://www.poshaktaranom.ir/products/wool-coat-katayoun,"index, follow",,yes,3,INDEX,
https://www.poshaktaranom.ir/products/footer-coat-dalia,sitemap,pdp,,200,https://www.poshaktaranom.ir/products/footer-coat-dalia,0,https://www.poshaktaranom.ir/products/footer-coat-dalia,"index, follow",,yes,3,INDEX,
https://www.poshaktaranom.ir/products/waterproof-memory-raincoat-110,sitemap,pdp,,200,https://www.poshaktaranom.ir/products/waterproof-memory-raincoat-110,0,https://www.poshaktaranom.ir/products/waterproof-memory-raincoat-110,"index, follow",,yes,3,INDEX,
https://www.poshaktaranom.ir/products/maserati-pants-mahin,sitemap,pdp,,200,https://www.poshaktaranom.ir/products/maserati-pants-mahin,0,https://www.poshaktaranom.ir/products/maserati-pants-mahin,"index, follow",,yes,3,INDEX,
https://www.poshaktaranom.ir/products/crushed-footer-coat-tiara,sitemap,pdp,,200,https://www.poshaktaranom.ir/products/crushed-footer-coat-tiara,0,https://www.poshaktaranom.ir/products/crushed-footer-coat-tiara,"index, follow",,yes,3,INDEX,
https://www.poshaktaranom.ir/products/lined-memory-raincoat-80,sitemap,pdp,,200,https://www.poshaktaranom.ir/products/lined-memory-raincoat-80,0,https://www.poshaktaranom.ir/products/lined-memory-raincoat-80,"index, follow",,yes,3,INDEX,
https://www.poshaktaranom.ir/products/solid-memory-raincoat-80,sitemap,pdp,,200,https://www.poshaktaranom.ir/products/solid-memory-raincoat-80,0,https://www.poshaktaranom.ir/products/solid-memory-raincoat-80,"index, follow",,yes,3,INDEX,
https://www.poshaktaranom.ir/products/coats00007,sitemap,pdp,,200,https://www.poshaktaranom.ir/products/coats00007,0,https://www.poshaktaranom.ir/products/coats00007,"index, follow",,yes,4,INDEX,
https://www.poshaktaranom.ir/products/lyocell-baggy-pants-jacqueline,sitemap,pdp,,200,https://www.poshaktaranom.ir/products/lyocell-baggy-pants-jacqueline,0,https://www.poshaktaranom.ir/products/lyocell-baggy-pants-jacqueline,"index, follow",,yes,3,INDEX,
https://www.poshaktaranom.ir/products/cotton-overcoat-laleh,sitemap,pdp,,200,https://www.poshaktaranom.ir/products/cotton-overcoat-laleh,0,https://www.poshaktaranom.ir/products/cotton-overcoat-laleh,"index, follow",,yes,3,INDEX,
https://www.poshaktaranom.ir/products/cotton-twill-jacket-kian,sitemap,pdp,,200,https://www.poshaktaranom.ir/products/cotton-twill-jacket-kian,0,https://www.poshaktaranom.ir/products/cotton-twill-jacket-kian,"index, follow",,yes,3,INDEX,
https://www.poshaktaranom.ir/products/cotton-twill-jacket-alice,sitemap,pdp,,200,https://www.poshaktaranom.ir/products/cotton-twill-jacket-alice,0,https://www.poshaktaranom.ir/products/cotton-twill-jacket-alice,"index, follow",,yes,3,INDEX,
https://www.poshaktaranom.ir/products/cotton-twill-manteau-mahan,sitemap,pdp,,200,https://www.poshaktaranom.ir/products/cotton-twill-manteau-mahan,0,https://www.poshaktaranom.ir/products/cotton-twill-manteau-mahan,"index, follow",,yes,3,INDEX,
https://www.poshaktaranom.ir/products/cotton-twill-bomber-jacket-ghazal,sitemap,pdp,,200,https://www.poshaktaranom.ir/products/cotton-twill-bomber-jacket-ghazal,0,https://www.poshaktaranom.ir/products/cotton-twill-bomber-jacket-ghazal,"index, follow",,yes,3,INDEX,
https://www.poshaktaranom.ir/products/cotton-twill-sport-jacket-dorsa,sitemap,pdp,,200,https://www.poshaktaranom.ir/products/cotton-twill-sport-jacket-dorsa,0,https://www.poshaktaranom.ir/products/cotton-twill-sport-jacket-dorsa,"index, follow",,yes,3,INDEX,
https://www.poshaktaranom.ir/products/cotton-twill-skirt-suit-tanin,sitemap,pdp,,200,https://www.poshaktaranom.ir/products/cotton-twill-skirt-suit-tanin,0,https://www.poshaktaranom.ir/products/cotton-twill-skirt-suit-tanin,"index, follow",,yes,3,INDEX,
https://www.poshaktaranom.ir/products/mom-style-cotton-pants,sitemap,pdp,,200,https://www.poshaktaranom.ir/products/mom-style-cotton-pants,0,https://www.poshaktaranom.ir/products/mom-style-cotton-pants,"index, follow",,yes,3,INDEX,
https://www.poshaktaranom.ir/products/linen-shirt-manteau-sarinaz,sitemap,pdp,,200,https://www.poshaktaranom.ir/products/linen-shirt-manteau-sarinaz,0,https://www.poshaktaranom.ir/products/linen-shirt-manteau-sarinaz,"index, follow",,yes,7,INDEX,
https://www.poshaktaranom.ir/products/linen-shirt-manteau-minoo,sitemap,pdp,,200,https://www.poshaktaranom.ir/products/linen-shirt-manteau-minoo,0,https://www.poshaktaranom.ir/products/linen-shirt-manteau-minoo,"index, follow",,yes,7,INDEX,
https://www.poshaktaranom.ir/products/linen-pants-neda,sitemap,pdp,,200,https://www.poshaktaranom.ir/products/linen-pants-neda,0,https://www.poshaktaranom.ir/products/linen-pants-neda,"index, follow",,yes,3,INDEX,
https://www.poshaktaranom.ir/products/linen-shirt-manteau-barana,sitemap,pdp,,200,https://www.poshaktaranom.ir/products/linen-shirt-manteau-barana,0,https://www.poshaktaranom.ir/products/linen-shirt-manteau-barana,"index, follow",,yes,7,INDEX,
https://www.poshaktaranom.ir/products/linen-shirt-manteau-niki,sitemap,pdp,,200,https://www.poshaktaranom.ir/products/linen-shirt-manteau-niki,0,https://www.poshaktaranom.ir/products/linen-shirt-manteau-niki,"index, follow",,yes,7,INDEX,
https://www.poshaktaranom.ir/products/blouses00009,sitemap,pdp,,200,https://www.poshaktaranom.ir/products/blouses00009,0,https://www.poshaktaranom.ir/products/blouses00009,"index, follow",,yes,7,INDEX,
https://www.poshaktaranom.ir/products/linen-vest-skirt-set-baran,sitemap,pdp,,200,https://www.poshaktaranom.ir/products/linen-vest-skirt-set-baran,0,https://www.poshaktaranom.ir/products/linen-vest-skirt-set-baran,"index, follow",,yes,3,INDEX,
https://www.poshaktaranom.ir/products/linen-shirt-manteau-yaghoot,sitemap,pdp,,200,https://www.poshaktaranom.ir/products/linen-shirt-manteau-yaghoot,0,https://www.poshaktaranom.ir/products/linen-shirt-manteau-yaghoot,"index, follow",,yes,5,INDEX,
https://www.poshaktaranom.ir/products/linen-heart-shirt-manteau-behgol,sitemap,pdp,,200,https://www.poshaktaranom.ir/products/linen-heart-shirt-manteau-behgol,0,https://www.poshaktaranom.ir/products/linen-heart-shirt-manteau-behgol,"index, follow",,yes,5,INDEX,
https://www.poshaktaranom.ir/products/linen-bow-tie-shirt-manteau-behgol,sitemap,pdp,,200,https://www.poshaktaranom.ir/products/linen-bow-tie-shirt-manteau-behgol,0,https://www.poshaktaranom.ir/products/linen-bow-tie-shirt-manteau-behgol,"index, follow",,yes,5,INDEX,
https://www.poshaktaranom.ir/products/linen-butterfly-shirt-manteau-behgol,sitemap,pdp,,200,https://www.poshaktaranom.ir/products/linen-butterfly-shirt-manteau-behgol,0,https://www.poshaktaranom.ir/products/linen-butterfly-shirt-manteau-behgol,"index, follow",,yes,5,INDEX,
https://www.poshaktaranom.ir/products/linen-shirt-manteau-tina,sitemap,pdp,,200,https://www.poshaktaranom.ir/products/linen-shirt-manteau-tina,0,https://www.poshaktaranom.ir/products/linen-shirt-manteau-tina,"index, follow",,yes,4,INDEX,
https://www.poshaktaranom.ir/products/linen-shirt-manteau-zhinoos,sitemap,pdp,,200,https://www.poshaktaranom.ir/products/linen-shirt-manteau-zhinoos,0,https://www.poshaktaranom.ir/products/linen-shirt-manteau-zhinoos,"index, follow",,yes,4,INDEX,
https://www.poshaktaranom.ir/products/linen-kaftan-afagh,sitemap,pdp,,200,https://www.poshaktaranom.ir/products/linen-kaftan-afagh,0,https://www.poshaktaranom.ir/products/linen-kaftan-afagh,"index, follow",,yes,1,INDEX,
https://www.poshaktaranom.ir/products/linen-shirt-manteau-abnous,sitemap,pdp,,200,https://www.poshaktaranom.ir/products/linen-shirt-manteau-abnous,0,https://www.poshaktaranom.ir/products/linen-shirt-manteau-abnous,"index, follow",,yes,4,INDEX,
https://www.poshaktaranom.ir/products/linen-shirt-manteau-nazgol,sitemap,pdp,,200,https://www.poshaktaranom.ir/products/linen-shirt-manteau-nazgol,0,https://www.poshaktaranom.ir/products/linen-shirt-manteau-nazgol,"index, follow",,yes,4,INDEX,
https://www.poshaktaranom.ir/category/winter-wear,sitemap,category,,200,https://www.poshaktaranom.ir/category/winter-wear,0,https://www.poshaktaranom.ir/category/winter-wear,"index, follow",,yes,1,INDEX,
https://www.poshaktaranom.ir/category/vest-pants-set,sitemap,category,,200,https://www.poshaktaranom.ir/category/vest-pants-set,0,https://www.poshaktaranom.ir/category/vest-pants-set,"index, follow",,yes,1,INDEX,
https://www.poshaktaranom.ir/category/vest-skirt-set,sitemap,category,,200,https://www.poshaktaranom.ir/category/vest-skirt-set,0,https://www.poshaktaranom.ir/category/vest-skirt-set,"index, follow",,yes,1,INDEX,
https://www.poshaktaranom.ir/category/coat-skirt-set,sitemap,category,,200,https://www.poshaktaranom.ir/category/coat-skirt-set,0,https://www.poshaktaranom.ir/category/coat-skirt-set,"index, follow",,yes,1,INDEX,
https://www.poshaktaranom.ir/category/coat-pants-set,sitemap,category,,200,https://www.poshaktaranom.ir/category/coat-pants-set,0,https://www.poshaktaranom.ir/category/coat-pants-set,"index, follow",,yes,1,INDEX,
https://www.poshaktaranom.ir/category/women-skirts,sitemap,category,,200,https://www.poshaktaranom.ir/category/women-skirts,0,https://www.poshaktaranom.ir/category/women-skirts,"index, follow",,yes,1,INDEX,
https://www.poshaktaranom.ir/category/women-pants,sitemap,category,,200,https://www.poshaktaranom.ir/category/women-pants,0,https://www.poshaktaranom.ir/category/women-pants,"index, follow",,yes,1,INDEX,
https://www.poshaktaranom.ir/category/kaftan,sitemap,category,,200,https://www.poshaktaranom.ir/category/kaftan,0,https://www.poshaktaranom.ir/category/kaftan,"index, follow",,yes,1,INDEX,
https://www.poshaktaranom.ir/category/women-coats,sitemap,category,,200,https://www.poshaktaranom.ir/category/women-coats,0,https://www.poshaktaranom.ir/category/women-coats,"index, follow",,yes,1,INDEX,
https://www.poshaktaranom.ir/category/shomiz,sitemap,category,,200,https://www.poshaktaranom.ir/category/shomiz,0,https://www.poshaktaranom.ir/category/shomiz,"index, follow",,yes,0,INDEX,
https://www.poshaktaranom.ir/blog/trendy-womens-shirt-1405,sitemap,blog,,200,https://www.poshaktaranom.ir/blog/trendy-womens-shirt-1405,0,https://www.poshaktaranom.ir/blog/trendy-womens-shirt-1405,"index,follow,max-image-preview:large",,yes,1,INDEX,
https://www.poshaktaranom.ir/blog/summer-manto-trends-1405,sitemap,blog,,200,https://www.poshaktaranom.ir/blog/summer-manto-trends-1405,0,https://www.poshaktaranom.ir/blog/summer-manto-trends-1405,"index,follow,max-image-preview:large",,yes,1,INDEX,
https://www.poshaktaranom.ir/,crawl_seed,home,,200,https://www.poshaktaranom.ir/,0,https://www.poshaktaranom.ir,"index, follow",,yes,47,INDEX,
https://www.poshaktaranom.ir/products?page=2,crawl_seed,products,,200,https://www.poshaktaranom.ir/products?page=2,0,https://www.poshaktaranom.ir/products,"noindex, follow",,no,4,NOINDEX,
https://www.poshaktaranom.ir/products?sort=price,crawl_seed,products,,200,https://www.poshaktaranom.ir/products?sort=price,0,https://www.poshaktaranom.ir/products,"noindex, follow",,no,0,NOINDEX,
https://www.poshaktaranom.ir/products?q=%D9%85%D8%A7%D9%86%D8%AA%D9%88,crawl_seed,products,,200,https://www.poshaktaranom.ir/products?q=%D9%85%D8%A7%D9%86%D8%AA%D9%88,0,https://www.poshaktaranom.ir/products,"noindex, follow",,no,0,NOINDEX,
https://www.poshaktaranom.ir/account,crawl_seed,account,,200,https://www.poshaktaranom.ir/account,0,,"noindex, nofollow",,no,46,NOINDEX,
https://www.poshaktaranom.ir/checkout,crawl_seed,checkout,,200,https://www.poshaktaranom.ir/checkout,0,,"noindex, nofollow",,no,0,NOINDEX,
https://www.poshaktaranom.ir/search,crawl_seed,search,,301,https://www.poshaktaranom.ir/products,1,https://www.poshaktaranom.ir/products,"index, follow",,no,0,REDIRECT,SEED_REDIRECT
https://www.poshaktaranom.ir/shop,crawl_seed,shop,,301,https://www.poshaktaranom.ir/products,1,https://www.poshaktaranom.ir/products,"index, follow",,no,0,REDIRECT,SEED_REDIRECT
https://www.poshaktaranom.ir/retail,crawl_seed,retail_internal,,200,https://www.poshaktaranom.ir/retail,0,https://www.poshaktaranom.ir,"index, follow","noindex, nofollow",no,0,NOINDEX,
https://www.poshaktaranom.ir/retail/products,crawl_seed,retail_internal,,200,https://www.poshaktaranom.ir/retail/products,0,https://www.poshaktaranom.ir/products,"index, follow","noindex, nofollow",no,0,NOINDEX,
https://www.poshaktaranom.ir/this-page-does-not-exist-p03a,crawl_seed,this-page-does-not-exist-p03a,,404,https://www.poshaktaranom.ir/this-page-does-not-exist-p03a,0,,"noindex|noindex, nofollow",,no,0,NOINDEX,
http://poshaktaranom.ir/,host_matrix,host,,301,https://www.poshaktaranom.ir/,2,https://www.poshaktaranom.ir/,,,no,0,REDIRECT,301 http://poshaktaranom.ir/ -> https://poshaktaranom.ir/ | 301 https://poshaktaranom.ir/ -> https://www.poshaktaranom.ir/ | 200 https://www.poshaktaranom.ir/ -> (final)
http://www.poshaktaranom.ir/,host_matrix,host,,301,https://www.poshaktaranom.ir/,1,https://www.poshaktaranom.ir/,,,no,0,REDIRECT,301 http://www.poshaktaranom.ir/ -> https://www.poshaktaranom.ir/ | 200 https://www.poshaktaranom.ir/ -> (final)
https://poshaktaranom.ir/,host_matrix,host,,301,https://www.poshaktaranom.ir/,1,https://www.poshaktaranom.ir/,,,no,0,REDIRECT,301 https://poshaktaranom.ir/ -> https://www.poshaktaranom.ir/ | 200 https://www.poshaktaranom.ir/ -> (final)
